{
  "opponent_1026048.pt": {
    "skill_rating": 2859.56312065205,
    "games_played": 330,
    "wins": 57,
    "losses": 273,
    "timestep_added": 1026048
  },
  "opponent_1486848.pt": {
    "skill_rating": 3297.837017165141,
    "games_played": 377,
    "wins": 66,
    "losses": 311,
    "timestep_added": 1486848
  },
  "opponent_258048.pt": {
    "skill_rating": 2638.491603629214,
    "games_played": 435,
    "wins": 70,
    "losses": 365,
    "timestep_added": 258048
  },
  "opponent_4302848.pt": {
    "skill_rating": 3334.557997073464,
    "games_played": 272,
    "wins": 46,
    "losses": 226,
    "timestep_added": 4302848
  },
  "opponent_6146048.pt": {
    "skill_rating": 3488.6116442123616,
    "games_played": 151,
    "wins": 33,
    "losses": 118,
    "timestep_added": 6146048
  },
  "opponent_6248448.pt": {
    "skill_rating": 3602.586583091964,
    "games_played": 167,
    "wins": 43,
    "losses": 124,
    "timestep_added": 6248448
  },
  "opponent_6299648.pt": {
    "skill_rating": 3600.760852224372,
    "games_played": 61,
    "wins": 14,
    "losses": 47,
    "timestep_added": 6299648
  },
  "opponent_6350848.pt": {
    "skill_rating": 3674.626277416459,
    "games_played": 49,
    "wins": 11,
    "losses": 38,
    "timestep_added": 6350848
  },
  "opponent_6402048.pt": {
    "skill_rating": 3652.1949039313045,
    "games_played": 39,
    "wins": 8,
    "losses": 31,
    "timestep_added": 6402048
  },
  "opponent_6453248.pt": {
    "skill_rating": 3702.118151688199,
    "games_played": 42,
    "wins": 9,
    "losses": 33,
    "timestep_added": 6453248
  },
  "opponent_6606848.pt": {
    "skill_rating": 3781.7627070411627,
    "games_played": 6,
    "wins": 2,
    "losses": 4,
    "timestep_added": 6606848
  },
  "opponent_6658048.pt": {
    "skill_rating": 3637.2317504702137,
    "games_played": 96,
    "wins": 26,
    "losses": 70,
    "timestep_added": 6658048
  },
  "opponent_6760448.pt": {
    "skill_rating": 3590.26911726897,
    "games_played": 58,
    "wins": 14,
    "losses": 44,
    "timestep_added": 6760448
  },
  "opponent_6811648.pt": {
    "skill_rating": 3620.829823209118,
    "games_played": 63,
    "wins": 12,
    "losses": 51,
    "timestep_added": 6811648
  },
  "opponent_6862848.pt": {
    "skill_rating": 3620.3324890004906,
    "games_played": 69,
    "wins": 16,
    "losses": 53,
    "timestep_added": 6862848
  },
  "opponent_6504448.pt": {
    "skill_rating": 3740.27948679971,
    "games_played": 34,
    "wins": 9,
    "losses": 25,
    "timestep_added": 6504448
  },
  "opponent_6555648.pt": {
    "skill_rating": 3734.1430715155966,
    "games_played": 20,
    "wins": 5,
    "losses": 15,
    "timestep_added": 6555648
  }
}